{
    "k_left": [
        [
            779.4038702911034,
            0.0,
            534.9050477275691
        ],
        [
            0.0,
            781.0699642398802,
            385.0056171097281
        ],
        [
            0.0,
            0.0,
            1.0
        ]
    ],
    "dist_left": [
        [
            0.15924025721256413,
            -0.5544068201255729,
            -0.00018359141878830597,
            0.0010124578674672701,
            0.5527942495496433
        ]
    ],
    "k_right": [
        [
            781.5927474026528,
            0.0,
            532.750769151306
        ],
        [
            0.0,
            783.2359520012217,
            393.87125782333607
        ],
        [
            0.0,
            0.0,
            1.0
        ]
    ],
    "dist_right": [
        [
            0.1593189001584804,
            -0.5350384775303955,
            -0.0008895419651882735,
            0.001041463295452715,
            0.507664289996452
        ]
    ],
    "R": [
        [
            0.9999387858703721,
            0.010041404130801544,
            -0.004647011423270263
        ],
        [
            -0.010057276023755803,
            0.9999436275621869,
            -0.003404834321411914
        ],
        [
            0.004612560142488041,
            0.003451362174011812,
            0.9999834060563584
        ]
    ],
    "T": [
        [
            -0.10939692889998152
        ],
        [
            0.0010326071374352772
        ],
        [
            0.006537462877291921
        ]
    ],
    "Q": [
        [
            1.0,
            0.0,
            0.0,
            -603.9978523254395
        ],
        [
            0.0,
            1.0,
            0.0,
            -389.38753509521484
        ],
        [
            0.0,
            0.0,
            0.0,
            836.3131296707265
        ],
        [
            0.0,
            0.0,
            9.124341013226262,
            -0.0
        ]
    ]
}