{
    "k_left": [
        [
            755.0735080613658,
            0.0,
            536.1913289223801
        ],
        [
            0.0,
            756.8151884841845,
            383.66398404040706
        ],
        [
            0.0,
            0.0,
            1.0
        ]
    ],
    "dist_left": [
        [
            0.1354951297152084,
            -0.4039260969326992,
            -0.0010831916562539152,
            0.0010792468360624613,
            0.2878755267116195
        ]
    ],
    "k_right": [
        [
            751.4153879926663,
            0.0,
            536.6517063996822
        ],
        [
            0.0,
            753.1317601303633,
            393.2010216007552
        ],
        [
            0.0,
            0.0,
            1.0
        ]
    ],
    "dist_right": [
        [
            0.13850364605563933,
            -0.4343866685228326,
            -0.0010065769023738314,
            0.0026948325673777323,
            0.320919768648103
        ]
    ],
    "R": [
        [
            0.9999211094148889,
            0.010442856079512309,
            -0.006980093366168615
        ],
        [
            -0.010471268673244319,
            0.9999369874359746,
            -0.004046441626944717
        ],
        [
            0.006937397125044123,
            0.004119212833798669,
            0.9999674517736861
        ]
    ],
    "T": [
        [
            -0.11236244109328912
        ],
        [
            0.005011637880927583
        ],
        [
            -0.012907002245249296
        ]
    ],
    "Q": [
        [
            1.0,
            0.0,
            0.0,
            -410.77780532836914
        ],
        [
            0.0,
            1.0,
            0.0,
            -385.9390678405762
        ],
        [
            0.0,
            0.0,
            0.0,
            754.9734743072739
        ],
        [
            0.0,
            0.0,
            8.832962317507983,
            -0.0
        ]
    ]
