{
    "k_left": [
        [
            775.8734273605445,
            0.0,
            532.3047569180969
        ],
        [
            0.0,
            777.3656375101602,
            393.1640019430745
        ],
        [
            0.0,
            0.0,
            1.0
        ]
    ],
    "dist_left": [
        [
            0.1679049277542178,
            -0.528825115355566,
            -0.0014839517118437322,
            0.0003646972428048676,
            0.469456718541172
        ]
    ],
    "k_right": [
        [
            777.3618261048157,
            0.0,
            536.3555550722898
        ],
        [
            0.0,
            778.9808453996225,
            386.9117563421271
        ],
        [
            0.0,
            0.0,
            1.0
        ]
    ],
    "dist_right": [
        [
            0.1600739253982848,
            -0.5102810023837377,
            -0.000657393489288602,
            0.0003209146267823397,
            0.4410834640670124
        ]
    ],
    "R": [
        [
            0.9998655270574929,
            -0.01593591576350933,
            0.0038696758029759925
        ],
        [
            0.015924646632766628,
            0.9998689142995851,
            0.0029257216187139213
        ],
        [
            -0.0039157925970763,
            -0.002863704968573115,
            0.9999882328118614
        ]
    ],
    "T": [
        [
            0.10820580506395497
        ],
        [
            0.0009394681223560826
        ],
        [
            0.002667539659940062
        ]
    ],
    "Q": [
        [
            1.0,
            0.0,
            0.0,
            -504.1283950805664
        ],
        [
            0.0,
            1.0,
            0.0,
            -389.1936798095703
        ],
        [
            0.0,
            0.0,
            0.0,
            817.641316042556
        ],
        [
            0.0,
            0.0,
            -9.238493366736797,
            0.0
        ]
    ]
}