{
    "k_left": [
        [
            779.5761001564624,
            0.0,
            535.5348765807328
        ],
        [
            0.0,
            781.3674398156344,
            385.99117620943315
        ],
        [
            0.0,
            0.0,
            1.0
        ]
    ],
    "dist_left": [
        [
            0.15808023846383543,
            -0.5442523135518224,
            2.9877687978397723e-05,
            0.0015665042073943604,
            0.5274406876933828
        ]
    ],
    "k_right": [
        [
            775.645495475797,
            0.0,
            533.9883921539257
        ],
        [
            0.0,
            777.3489090672654,
            394.0454585662197
        ],
        [
            0.0,
            0.0,
            1.0
        ]
    ],
    "dist_right": [
        [
            0.15240550015339538,
            -0.48720199531908653,
            -0.0007343031442658228,
            0.0015261990804324211,
            0.44149431976292874
        ]
    ],
    "R": [
        [
            0.9999158666150714,
            0.01155721238521736,
            -0.005889867003055918
        ],
        [
            -0.011571359421554529,
            0.9999302325483987,
            -0.0023735367792316383
        ],
        [
            0.005862024613383133,
            0.0024414908535856823,
            0.9999798376916627
        ]
    ],
    "T": [
        [
            -0.10904523701810676
        ],
        [
            0.0018995817298306109
        ],
        [
            -0.0059201155109522546
        ]
    ],
    "Q": [
        [
            1.0,
            0.0,
            0.0,
            -477.8058853149414
        ],
        [
            0.0,
            1.0,
            0.0,
            -389.5643768310547
        ],
        [
            0.0,
            0.0,
            0.0,
            844.3438051225781
        ],
        [
            0.0,
            0.0,
            9.155635978531805,
            -0.0
        ]
    ]
}