{
    "left_camera_intrinsics": {
        "camera_matrix": [
            [
                751.3666942396048,
                0.0,
                537.4853008372222
            ],
            [
                0.0,
                752.9047663592769,
                383.44479593253897
            ],
            [
                0.0,
                0.0,
                1.0
            ]
        ],
        "distortion_coefficients": [
            [
                0.13399757715041632,
                -0.40897895996745703,
                -0.0011198671530758177,
                0.0012368776179595582,
                0.3090600055816674
            ]
        ]
    },
    "right_camera_intrinsics": {
        "camera_matrix": [
            [
                750.7258030468338,
                0.0,
                538.0088373782081
            ],
            [
                0.0,
                752.2915269391875,
                393.3283689432939
            ],
            [
                0.0,
                0.0,
                1.0
            ]
        ],
        "distortion_coefficients": [
            [
                0.13998237448716844,
                -0.4512512569944251,
                -0.0008938620480702815,
                0.0030328607757084446,
                0.35787625990926325
            ]
        ]
    },
    "rotation_matrix": [
        [
            0.9998873516235585,
            0.011061909338429599,
            -0.010144862000764202
        ],
        [
            -0.01106327595340063,
            0.9999387970007774,
            -7.859909039052854e-05
        ],
        [
            0.010143371648771073,
            0.00019082564415426892,
            0.999948536474337
        ]
    ],
    "translation_vector": [
        [
            -0.10424046579877388
        ],
        [
            -0.010703009993040835
        ],
        [
            -0.0009205597827039041
        ]
    ],
    "rotation_matrix_r_l": [
        [
            0.9998873516235585,
            0.011061909338429599,
            -0.010144862000764202
        ],
        [
            -0.01106327595340063,
            0.9999387970007774,
            -7.859909039052854e-05
        ],
        [
            0.010143371648771073,
            0.00019082564415426892,
            0.999948536474337
        ]
    ],
    "translation_vector_r_l": [
        [
            -0.10424046579877388
        ],
        [
            -0.010703009993040835
        ],
        [
            -0.0009205597827039041
        ]
    ],
    "Q_matrix": [
        [
            1.0,
            0.0,
            0.0,
            -535.0391426086426
        ],
        [
            0.0,
            1.0,
            0.0,
            -386.4816246032715
        ],
        [
            0.0,
            0.0,
            0.0,
            752.5981466492321
        ],
        [
            0.0,
            0.0,
            9.542663956576073,
            -0.0
        ]
    ]
}